<?xml version="1.0" encoding="UTF-8"?>
<beans:beans xmlns="http://www.springframework.org/schema/mvc"
	xmlns:xsi="http://www.w3.org/2001/XMLSchema-instance"
	xmlns:beans="http://www.springframework.org/schema/beans"
	xmlns:context="http://www.springframework.org/schema/context"
	xmlns:websocket="http://www.springframework.org/schema/websocket"
	xsi:schemaLocation="http://www.springframework.org/schema/websocket http://www.springframework.org/schema/websocket/spring-websocket-4.1.xsd
		http://www.springframework.org/schema/mvc https://www.springframework.org/schema/mvc/spring-mvc.xsd
		http://www.springframework.org/schema/beans https://www.springframework.org/schema/beans/spring-beans.xsd
		http://www.springframework.org/schema/context https://www.springframework.org/schema/context/spring-context.xsd">

	<!-- DispatcherServlet Context: defines this servlet's request-processing 
		infrastructure -->

	<!-- Enables the Spring MVC @Controller programming model -->
	<annotation-driven />

	<!-- Handles HTTP GET requests for /resources/** by efficiently serving 
		up static resources in the ${webappRoot}/resources directory -->
	<resources mapping="/resources/**" location="/resources/" />

	<beans:bean
		class="org.springframework.web.servlet.view.InternalResourceViewResolver">
		<beans:property name="prefix" value="/WEB-INF/views/" />
		<beans:property name="suffix" value=".jsp" />
	</beans:bean>

	<context:component-scan base-package="com.example.controller" />


	<beans:bean id="multipartResolver"
		class="org.springframework.web.multipart.commons.CommonsMultipartResolver">
		<beans:property name="maxUploadSize" value="10485760" />
	</beans:bean>
	
	
	
	<beans:bean id="hotplaceUploadPath" class="java.lang.String">
		<beans:constructor-arg value="c:/FinalProjectImage/hotplaceupload" />
	</beans:bean>

	<beans:bean id="userUploadPath" class="java.lang.String">
		<beans:constructor-arg value="c:/FinalProjectImage/userupload" />
	</beans:bean>
	
	<beans:bean class="java.lang.String" id="companyUploadPath">
		<beans:constructor-arg value="c:/FinalProjectImage/companyupload"/>
	</beans:bean>
	
	
	<interceptors>
      <interceptor>
         <mapping path="/user/mypage/infomation"/>
         <mapping path="/hotplace/likelist"/>
         <beans:bean id="AuthInterceptor" class="com.example.Interceptor.AuthInterceptor"/>
      </interceptor>
   </interceptors>

	<websocket:handlers>
		<websocket:mapping handler="websocketHandler" path="/websocket"/>
	</websocket:handlers>
	<beans:bean id="websocketHandler" class="com.example.domain.RefreshSocket"/>

</beans:beans>